name,price,url
Подвесной светильник Сансет Black,6290,https://www.divan.ru/ekaterinburg/product/podvesnoj-svetilnik-sanset-black
Торшер Билли Black,20 680,https://www.divan.ru/ekaterinburg/product/torsher-billi-black
Подвесной светильник Бабл-9,20 990,https://www.divan.ru/ekaterinburg/product/podvesnoj-svetilnik-babl-9
Торшер Бабл-1,7340,https://www.divan.ru/ekaterinburg/product/torsher-babl-1
Подвесной светильник Бабл-3,7340,https://www.divan.ru/ekaterinburg/product/podvesnoj-svetilnik-babl-3
Бра Бабл Black,2090,https://www.divan.ru/ekaterinburg/product/bra-babl-black
Настольная лампа Дэнди Black,4190,https://www.divan.ru/ekaterinburg/product/nastolnaya-lampa-dendi-black
Настольная лампа Дэнди White,4190,https://www.divan.ru/ekaterinburg/product/nastolnaya-lampa-dendi-white
Торшер Варио White,6290,https://www.divan.ru/ekaterinburg/product/torsher-vario-white
Бра Варио Black,1570,https://www.divan.ru/ekaterinburg/product/bra-vario-black
Бра Варио White,1570,https://www.divan.ru/ekaterinburg/product/bra-vario-white
Подвесной светильник Сансет White,6290,https://www.divan.ru/ekaterinburg/product/podvesnoj-svetilnik-sanset-white
Подвесной светильник Кэндел Black,4190,https://www.divan.ru/ekaterinburg/product/podvesnoj-svetilnik-kendel-black
Подвесной светильник Кэндел White,4190,https://www.divan.ru/ekaterinburg/product/podvesnoj-svetilnik-kendel-white
Настольная лампа Гровер Glass,6290,https://www.divan.ru/ekaterinburg/product/nastolnaya-lampa-grover-glass
Настольная лампа Спайк Green,1040,https://www.divan.ru/ekaterinburg/product/nastolnaya-lampa-spajk-green
Настольная лампа Рэй Black,3770,https://www.divan.ru/ekaterinburg/product/nastolnaya-lampa-rej-black
Торшер Рэй White,5870,https://www.divan.ru/ekaterinburg/product/torsher-rej-white
Торшер Мун Black,9440,https://www.divan.ru/ekaterinburg/product/torsher-mun-black
Торшер Варио Black,6290,https://www.divan.ru/ekaterinburg/product/torsher-vario-black
Настольная лампа Раффи Round,7550,https://www.divan.ru/ekaterinburg/product/nastolnaya-lampa-raffi-round
Торшер Гросс White,8390,https://www.divan.ru/ekaterinburg/product/torsher-gross-white
Бра Moderli Alina,3350,https://www.divan.ru/ekaterinburg/product/bra-moderli-alina
Подвесной светильник Маро Green,10 490,https://www.divan.ru/ekaterinburg/product/podvesnoj-svetilnik-maro-green
Настольная лампа Рэй White,3770,https://www.divan.ru/ekaterinburg/product/nastolnaya-lampa-rej-white
Светильник потолочный Matthew,5980,https://www.divan.ru/ekaterinburg/product/svetilnik-potolochnyj-matthew
Настольная лампа Junior-1,4610,https://www.divan.ru/ekaterinburg/product/nastolnaya-lampa-junior-1
Настольная лампа Сфера Black,5660,https://www.divan.ru/ekaterinburg/product/nastolnaya-lampa-sfera-black
Люстра Монти-3 White,12 070,https://www.divan.ru/ekaterinburg/product/lyustra-monti-3-white
Настольная лампа Junior-2,3350,https://www.divan.ru/ekaterinburg/product/nastolnaya-lampa-junior-2
Бра Galdakao-1,6920,https://www.divan.ru/ekaterinburg/product/bra-galdakao
Подвесной светильник Tureis,4090,https://www.divan.ru/ekaterinburg/product/podvesnoj-svetilnik-tureis
Люстра Монти-5 White,18 050,https://www.divan.ru/ekaterinburg/product/lyustra-monti-5-white
Подвесной светильник Лиму-3 Black,5870,https://www.divan.ru/ekaterinburg/product/podvesnoj-svetilnik-limu-3-black
Торшер Билли White,20 680,https://www.divan.ru/ekaterinburg/product/torsher-billi-white
Бра Cornus Silver,5870,https://www.divan.ru/ekaterinburg/product/bra-cornus-silver
Спот Олден Brown,1150,https://www.divan.ru/ekaterinburg/product/spot-olden-brown
Бра Куб White,2300,https://www.divan.ru/ekaterinburg/product/bra-kub-white
Ландшафтный светильник Визор Black,4720,https://www.divan.ru/ekaterinburg/product/landshaftnyj-svetilnik-vizor-black
Бра Bolla-Unica,5560,https://www.divan.ru/ekaterinburg/product/bra-bolla-unica
Люстра Леон-5 Black,11 860,https://www.divan.ru/ekaterinburg/product/lyustra-leon-5-black
Настольная лампа Мист Black,5870,https://www.divan.ru/ekaterinburg/product/nastolnaya-lampa-mist-black
Настольная лампа Palla Grey,14 270,https://www.divan.ru/ekaterinburg/product/nastolnaya-lampa-palla-grey
Люстра Нейва-4 Black,7130,https://www.divan.ru/ekaterinburg/product/lyustra-nejva-4-black
Люстра Альби-6 Black,4930,https://www.divan.ru/ekaterinburg/product/lyustra-albi-6-black
Бра Лима Black,2510,https://www.divan.ru/ekaterinburg/product/bra-lima-black
Бра Техно Стрикт-2 Black,2410,https://www.divan.ru/ekaterinburg/product/bra-tehno-strikt-2-black
Бра Lithops-2 Black,2830,https://www.divan.ru/ekaterinburg/product/bra-lithops-2-black
